{
    "$schema": "https://schema.management.azure.com/schemas/2015-01-01/deploymentParameters.json#",
    "contentVersion": "1.0.0.0",
    "parameters": {
        "vulnerabilityAssessments_Default_storageContainerPath": {
            "value": null
        },
        "sites_Team4FA_name": {
            "value": null
        },
        "workspaces_ds562_team_4_name": {
            "value": null
        },
        "namespaces_team4namespace_name": {
            "value": null
        },
        "serverfarms_ASP_DS562Team4_9c72_name": {
            "value": null
        },
        "serverfarms_ASP_DS562Team4_ba4f_name": {
            "value": null
        },
        "storageAccounts_team4storage_name": {
            "value": null
        },
        "storageAccounts_ds562team4b2ba_name": {
            "value": null
        },
        "streamingjobs_cdc_pollution_stream_to_powerbi_name": {
            "value": null
        }
    }
}