{
    "$schema": "https://schema.management.azure.com/schemas/2019-04-01/deploymentTemplate.json#",
    "contentVersion": "1.0.0.0",
    "parameters": {
        "vulnerabilityAssessments_Default_storageContainerPath": {
            "type": "SecureString"
        },
        "sites_Team4FA_name": {
            "defaultValue": "Team4FA",
            "type": "String"
        },
        "workspaces_ds562_team_4_name": {
            "defaultValue": "ds562-team-4",
            "type": "String"
        },
        "namespaces_team4namespace_name": {
            "defaultValue": "team4namespace",
            "type": "String"
        },
        "serverfarms_ASP_DS562Team4_9c72_name": {
            "defaultValue": "ASP-DS562Team4-9c72",
            "type": "String"
        },
        "serverfarms_ASP_DS562Team4_ba4f_name": {
            "defaultValue": "ASP-DS562Team4-ba4f",
            "type": "String"
        },
        "storageAccounts_team4storage_name": {
            "defaultValue": "team4storage",
            "type": "String"
        },
        "storageAccounts_ds562team4b2ba_name": {
            "defaultValue": "ds562team4b2ba",
            "type": "String"
        },
        "streamingjobs_cdc_pollution_stream_to_powerbi_name": {
            "defaultValue": "cdc-pollution-stream-to-powerbi",
            "type": "String"
        }
    },
    "variables": {},
    "resources": [
        {
            "type": "Microsoft.EventHub/namespaces",
            "apiVersion": "2024-05-01-preview",
            "name": "[parameters('namespaces_team4namespace_name')]",
            "location": "eastus2",
            "sku": {
                "name": "Basic",
                "tier": "Basic",
                "capacity": 1
            },
            "properties": {
                "geoDataReplication": {
                    "maxReplicationLagDurationInSeconds": 0,
                    "locations": [
                        {
                            "locationName": "eastus2",
                            "roleType": "Primary"
                        }
                    ]
                },
                "minimumTlsVersion": "1.2",
                "publicNetworkAccess": "Enabled",
                "disableLocalAuth": false,
                "zoneRedundant": true,
                "isAutoInflateEnabled": false,
                "maximumThroughputUnits": 0,
                "kafkaEnabled": true
            }
        },
        {
            "type": "Microsoft.Storage/storageAccounts",
            "apiVersion": "2024-01-01",
            "name": "[parameters('storageAccounts_ds562team4b2ba_name')]",
            "location": "eastus2",
            "sku": {
                "name": "Standard_LRS",
                "tier": "Standard"
            },
            "kind": "Storage",
            "properties": {
                "defaultToOAuthAuthentication": true,
                "publicNetworkAccess": "Enabled",
                "allowCrossTenantReplication": false,
                "minimumTlsVersion": "TLS1_2",
                "allowBlobPublicAccess": false,
                "networkAcls": {
                    "bypass": "AzureServices",
                    "virtualNetworkRules": [],
                    "ipRules": [],
                    "defaultAction": "Allow"
                },
                "supportsHttpsTrafficOnly": true,
                "encryption": {
                    "services": {
                        "file": {
                            "keyType": "Account",
                            "enabled": true
                        },
                        "blob": {
                            "keyType": "Account",
                            "enabled": true
                        }
                    },
                    "keySource": "Microsoft.Storage"
                }
            }
        },
        {
            "type": "Microsoft.Storage/storageAccounts",
            "apiVersion": "2024-01-01",
            "name": "[parameters('storageAccounts_team4storage_name')]",
            "location": "eastus2",
            "sku": {
                "name": "Standard_LRS",
                "tier": "Standard"
            },
            "kind": "StorageV2",
            "properties": {
                "dnsEndpointType": "Standard",
                "defaultToOAuthAuthentication": false,
                "publicNetworkAccess": "Enabled",
                "allowCrossTenantReplication": false,
                "isSftpEnabled": false,
                "minimumTlsVersion": "TLS1_2",
                "allowBlobPublicAccess": false,
                "allowSharedKeyAccess": true,
                "largeFileSharesState": "Enabled",
                "isHnsEnabled": true,
                "networkAcls": {
                    "resourceAccessRules": [],
                    "bypass": "AzureServices",
                    "virtualNetworkRules": [],
                    "ipRules": [],
                    "defaultAction": "Allow"
                },
                "supportsHttpsTrafficOnly": true,
                "encryption": {
                    "requireInfrastructureEncryption": false,
                    "services": {
                        "file": {
                            "keyType": "Account",
                            "enabled": true
                        },
                        "blob": {
                            "keyType": "Account",
                            "enabled": true
                        }
                    },
                    "keySource": "Microsoft.Storage"
                },
                "accessTier": "Hot"
            }
        },
        {
            "type": "Microsoft.StreamAnalytics/streamingjobs",
            "apiVersion": "2021-10-01-preview",
            "name": "[parameters('streamingjobs_cdc_pollution_stream_to_powerbi_name')]",
            "location": "East US 2",
            "tags": {
                "hidden-link:/Microsoft.StreamAnalytics/streamingjobs/settings": "{\"createdFrom\":\"Portal\"}"
            },
            "sku": {
                "name": "StandardV2",
                "capacity": 3
            },
            "identity": {
                "type": "SystemAssigned"
            },
            "properties": {
                "sku": {
                    "name": "StandardV2"
                },
                "outputStartMode": "LastOutputEventTime",
                "outputStartTime": "2025-04-12T04:25:09.873Z",
                "eventsOutOfOrderPolicy": "Adjust",
                "outputErrorPolicy": "Stop",
                "eventsOutOfOrderMaxDelayInSeconds": 0,
                "eventsLateArrivalMaxDelayInSeconds": 5,
                "dataLocale": "en-US",
                "compatibilityLevel": "1.2",
                "contentStoragePolicy": "SystemAccount",
                "jobType": "Cloud"
            }
        },
        {
            "type": "Microsoft.Web/serverfarms",
            "apiVersion": "2024-04-01",
            "name": "[parameters('serverfarms_ASP_DS562Team4_9c72_name')]",
            "location": "East US 2",
            "sku": {
                "name": "Y1",
                "tier": "Dynamic",
                "size": "Y1",
                "family": "Y",
                "capacity": 0
            },
            "kind": "functionapp",
            "properties": {
                "perSiteScaling": false,
                "elasticScaleEnabled": false,
                "maximumElasticWorkerCount": 1,
                "isSpot": false,
                "reserved": true,
                "isXenon": false,
                "hyperV": false,
                "targetWorkerCount": 0,
                "targetWorkerSizeId": 0,
                "zoneRedundant": false
            }
        },
        {
            "type": "Microsoft.Web/serverfarms",
            "apiVersion": "2024-04-01",
            "name": "[parameters('serverfarms_ASP_DS562Team4_ba4f_name')]",
            "location": "East US 2",
            "sku": {
                "name": "Y1",
                "tier": "Dynamic",
                "size": "Y1",
                "family": "Y",
                "capacity": 0
            },
            "kind": "functionapp",
            "properties": {
                "perSiteScaling": false,
                "elasticScaleEnabled": false,
                "maximumElasticWorkerCount": 1,
                "isSpot": false,
                "reserved": true,
                "isXenon": false,
                "hyperV": false,
                "targetWorkerCount": 0,
                "targetWorkerSizeId": 0,
                "zoneRedundant": false
            }
        },
        {
            "type": "Microsoft.EventHub/namespaces/authorizationrules",
            "apiVersion": "2024-05-01-preview",
            "name": "[concat(parameters('namespaces_team4namespace_name'), '/RootManageSharedAccessKey')]",
            "location": "eastus2",
            "dependsOn": [
                "[resourceId('Microsoft.EventHub/namespaces', parameters('namespaces_team4namespace_name'))]"
            ],
            "properties": {
                "rights": [
                    "Listen",
                    "Manage",
                    "Send"
                ]
            }
        },
        {
            "type": "Microsoft.EventHub/namespaces/eventhubs",
            "apiVersion": "2024-05-01-preview",
            "name": "[concat(parameters('namespaces_team4namespace_name'), '/air-pollution-stream')]",
            "location": "eastus2",
            "dependsOn": [
                "[resourceId('Microsoft.EventHub/namespaces', parameters('namespaces_team4namespace_name'))]"
            ],
            "properties": {
                "messageTimestampDescription": {
                    "timestampType": "LogAppend"
                },
                "retentionDescription": {
                    "cleanupPolicy": "Delete",
                    "retentionTimeInHours": 1
                },
                "messageRetentionInDays": 1,
                "partitionCount": 1,
                "status": "Disabled"
            }
        },
        {
            "type": "Microsoft.EventHub/namespaces/eventhubs",
            "apiVersion": "2024-05-01-preview",
            "name": "[concat(parameters('namespaces_team4namespace_name'), '/cdc-hospitalization-stream')]",
            "location": "eastus2",
            "dependsOn": [
                "[resourceId('Microsoft.EventHub/namespaces', parameters('namespaces_team4namespace_name'))]"
            ],
            "properties": {
                "messageTimestampDescription": {
                    "timestampType": "LogAppend"
                },
                "retentionDescription": {
                    "cleanupPolicy": "Delete",
                    "retentionTimeInHours": 1
                },
                "messageRetentionInDays": 1,
                "partitionCount": 1,
                "status": "Disabled"
            }
        },
        {
            "type": "Microsoft.EventHub/namespaces/eventhubs",
            "apiVersion": "2024-05-01-preview",
            "name": "[concat(parameters('namespaces_team4namespace_name'), '/pollution-stream')]",
            "location": "eastus2",
            "dependsOn": [
                "[resourceId('Microsoft.EventHub/namespaces', parameters('namespaces_team4namespace_name'))]"
            ],
            "properties": {
                "messageTimestampDescription": {
                    "timestampType": "LogAppend"
                },
                "retentionDescription": {
                    "cleanupPolicy": "Delete",
                    "retentionTimeInHours": 1
                },
                "messageRetentionInDays": 1,
                "partitionCount": 1,
                "status": "Disabled"
            }
        },
        {
            "type": "Microsoft.EventHub/namespaces/networkrulesets",
            "apiVersion": "2024-05-01-preview",
            "name": "[concat(parameters('namespaces_team4namespace_name'), '/default')]",
            "location": "eastus2",
            "dependsOn": [
                "[resourceId('Microsoft.EventHub/namespaces', parameters('namespaces_team4namespace_name'))]"
            ],
            "properties": {
                "publicNetworkAccess": "Enabled",
                "defaultAction": "Allow",
                "virtualNetworkRules": [],
                "ipRules": [],
                "trustedServiceAccessEnabled": false
            }
        },
        {
            "type": "Microsoft.Storage/storageAccounts/blobServices",
            "apiVersion": "2024-01-01",
            "name": "[concat(parameters('storageAccounts_ds562team4b2ba_name'), '/default')]",
            "dependsOn": [
                "[resourceId('Microsoft.Storage/storageAccounts', parameters('storageAccounts_ds562team4b2ba_name'))]"
            ],
            "sku": {
                "name": "Standard_LRS",
                "tier": "Standard"
            },
            "properties": {
                "cors": {
                    "corsRules": []
                },
                "deleteRetentionPolicy": {
                    "allowPermanentDelete": false,
                    "enabled": false
                }
            }
        },
        {
            "type": "Microsoft.Storage/storageAccounts/blobServices",
            "apiVersion": "2024-01-01",
            "name": "[concat(parameters('storageAccounts_team4storage_name'), '/default')]",
            "dependsOn": [
                "[resourceId('Microsoft.Storage/storageAccounts', parameters('storageAccounts_team4storage_name'))]"
            ],
            "sku": {
                "name": "Standard_LRS",
                "tier": "Standard"
            },
            "properties": {
                "cors": {
                    "corsRules": []
                },
                "deleteRetentionPolicy": {
                    "allowPermanentDelete": false,
                    "enabled": true,
                    "days": 7
                },
                "containerDeleteRetentionPolicy": {
                    "enabled": true,
                    "days": 7
                }
            }
        },
        {
            "type": "Microsoft.Storage/storageAccounts/fileServices",
            "apiVersion": "2024-01-01",
            "name": "[concat(parameters('storageAccounts_ds562team4b2ba_name'), '/default')]",
            "dependsOn": [
                "[resourceId('Microsoft.Storage/storageAccounts', parameters('storageAccounts_ds562team4b2ba_name'))]"
            ],
            "sku": {
                "name": "Standard_LRS",
                "tier": "Standard"
            },
            "properties": {
                "protocolSettings": {
                    "smb": {}
                },
                "cors": {
                    "corsRules": []
                },
                "shareDeleteRetentionPolicy": {
                    "enabled": true,
                    "days": 7
                }
            }
        },
        {
            "type": "Microsoft.Storage/storageAccounts/fileServices",
            "apiVersion": "2024-01-01",
            "name": "[concat(parameters('storageAccounts_team4storage_name'), '/default')]",
            "dependsOn": [
                "[resourceId('Microsoft.Storage/storageAccounts', parameters('storageAccounts_team4storage_name'))]"
            ],
            "sku": {
                "name": "Standard_LRS",
                "tier": "Standard"
            },
            "properties": {
                "protocolSettings": {
                    "smb": {}
                },
                "cors": {
                    "corsRules": []
                },
                "shareDeleteRetentionPolicy": {
                    "enabled": true,
                    "days": 7
                }
            }
        },
        {
            "type": "Microsoft.Storage/storageAccounts/queueServices",
            "apiVersion": "2024-01-01",
            "name": "[concat(parameters('storageAccounts_ds562team4b2ba_name'), '/default')]",
            "dependsOn": [
                "[resourceId('Microsoft.Storage/storageAccounts', parameters('storageAccounts_ds562team4b2ba_name'))]"
            ],
            "properties": {
                "cors": {
                    "corsRules": []
                }
            }
        },
        {
            "type": "Microsoft.Storage/storageAccounts/queueServices",
            "apiVersion": "2024-01-01",
            "name": "[concat(parameters('storageAccounts_team4storage_name'), '/default')]",
            "dependsOn": [
                "[resourceId('Microsoft.Storage/storageAccounts', parameters('storageAccounts_team4storage_name'))]"
            ],
            "properties": {
                "cors": {
                    "corsRules": []
                }
            }
        },
        {
            "type": "Microsoft.Storage/storageAccounts/tableServices",
            "apiVersion": "2024-01-01",
            "name": "[concat(parameters('storageAccounts_ds562team4b2ba_name'), '/default')]",
            "dependsOn": [
                "[resourceId('Microsoft.Storage/storageAccounts', parameters('storageAccounts_ds562team4b2ba_name'))]"
            ],
            "properties": {
                "cors": {
                    "corsRules": []
                }
            }
        },
        {
            "type": "Microsoft.Storage/storageAccounts/tableServices",
            "apiVersion": "2024-01-01",
            "name": "[concat(parameters('storageAccounts_team4storage_name'), '/default')]",
            "dependsOn": [
                "[resourceId('Microsoft.Storage/storageAccounts', parameters('storageAccounts_team4storage_name'))]"
            ],
            "properties": {
                "cors": {
                    "corsRules": []
                }
            }
        },
        {
            "type": "Microsoft.StreamAnalytics/streamingjobs/inputs",
            "apiVersion": "2021-10-01-preview",
            "name": "[concat(parameters('streamingjobs_cdc_pollution_stream_to_powerbi_name'), '/air-pollution-stream')]",
            "dependsOn": [
                "[resourceId('Microsoft.StreamAnalytics/streamingjobs', parameters('streamingjobs_cdc_pollution_stream_to_powerbi_name'))]"
            ],
            "properties": {
                "type": "Stream",
                "datasource": {
                    "type": "Microsoft.EventHub/EventHub",
                    "properties": {
                        "eventHubName": "air-pollution-stream",
                        "serviceBusNamespace": "team4namespace",
                        "sharedAccessPolicyName": "cdc-pollution-stream-to-powerbi_air-polluti_policy",
                        "authenticationMode": "ConnectionString"
                    }
                },
                "compression": {
                    "type": "None"
                },
                "serialization": {
                    "type": "Json",
                    "properties": {
                        "encoding": "UTF8"
                    }
                }
            }
        },
        {
            "type": "Microsoft.StreamAnalytics/streamingjobs/inputs",
            "apiVersion": "2021-10-01-preview",
            "name": "[concat(parameters('streamingjobs_cdc_pollution_stream_to_powerbi_name'), '/cdc-stream')]",
            "dependsOn": [
                "[resourceId('Microsoft.StreamAnalytics/streamingjobs', parameters('streamingjobs_cdc_pollution_stream_to_powerbi_name'))]"
            ],
            "properties": {
                "type": "Stream",
                "datasource": {
                    "type": "Microsoft.EventHub/EventHub",
                    "properties": {
                        "eventHubName": "cdc-hospitalization-stream",
                        "serviceBusNamespace": "team4namespace",
                        "sharedAccessPolicyName": "cdc-pollution-stream-to-powerbi_cdc-stream_policy",
                        "authenticationMode": "ConnectionString"
                    }
                },
                "compression": {
                    "type": "None"
                },
                "serialization": {
                    "type": "Json",
                    "properties": {
                        "encoding": "UTF8"
                    }
                }
            }
        },
        {
            "type": "Microsoft.StreamAnalytics/streamingjobs/outputs",
            "apiVersion": "2021-10-01-preview",
            "name": "[concat(parameters('streamingjobs_cdc_pollution_stream_to_powerbi_name'), '/My-workspace')]",
            "dependsOn": [
                "[resourceId('Microsoft.StreamAnalytics/streamingjobs', parameters('streamingjobs_cdc_pollution_stream_to_powerbi_name'))]"
            ],
            "properties": {
                "datasource": {
                    "type": "PowerBI",
                    "properties": {
                        "authenticationMode": "UserToken",
                        "dataset": "cdc-airpollution-stream",
                        "table": "Table-CDC-AirPollution",
                        "groupName": "My workspace"
                    }
                }
            }
        },
        {
            "type": "Microsoft.StreamAnalytics/streamingjobs/outputs",
            "apiVersion": "2021-10-01-preview",
            "name": "[concat(parameters('streamingjobs_cdc_pollution_stream_to_powerbi_name'), '/Stream-CDC-AirPollution-PowerBI')]",
            "dependsOn": [
                "[resourceId('Microsoft.StreamAnalytics/streamingjobs', parameters('streamingjobs_cdc_pollution_stream_to_powerbi_name'))]"
            ],
            "properties": {
                "datasource": {
                    "type": "PowerBI",
                    "properties": {
                        "authenticationMode": "UserToken",
                        "dataset": "cdc-airpollution-stream",
                        "table": "Table-CDC-AirPollution",
                        "groupName": "My workspace"
                    }
                }
            }
        },
        {
            "type": "Microsoft.Synapse/workspaces",
            "apiVersion": "2021-06-01",
            "name": "[parameters('workspaces_ds562_team_4_name')]",
            "location": "eastus2",
            "dependsOn": [
                "[resourceId('Microsoft.Storage/storageAccounts', parameters('storageAccounts_team4storage_name'))]"
            ],
            "identity": {
                "type": "SystemAssigned"
            },
            "properties": {
                "defaultDataLakeStorage": {
                    "resourceId": "[resourceId('Microsoft.Storage/storageAccounts', parameters('storageAccounts_team4storage_name'))]",
                    "createManagedPrivateEndpoint": false,
                    "accountUrl": "https://team4storage.dfs.core.windows.net",
                    "filesystem": "team4container"
                },
                "encryption": {},
                "managedResourceGroupName": "synapseworkspace-managedrg-ec30a52b-58d3-40af-b90b-d0cddfd72e9d",
                "sqlAdministratorLogin": "sqladminuser",
                "privateEndpointConnections": [],
                "publicNetworkAccess": "Enabled",
                "cspWorkspaceAdminProperties": {
                    "initialWorkspaceAdminObjectId": "588a9b7c-ff8f-4c6f-8b6e-c27eaa2e1641"
                },
                "azureADOnlyAuthentication": false,
                "trustedServiceBypassEnabled": false
            }
        },
        {
            "type": "Microsoft.Synapse/workspaces/auditingSettings",
            "apiVersion": "2021-06-01",
            "name": "[concat(parameters('workspaces_ds562_team_4_name'), '/Default')]",
            "dependsOn": [
                "[resourceId('Microsoft.Synapse/workspaces', parameters('workspaces_ds562_team_4_name'))]"
            ],
            "properties": {
                "retentionDays": 0,
                "auditActionsAndGroups": [],
                "isStorageSecondaryKeyInUse": false,
                "isAzureMonitorTargetEnabled": false,
                "state": "Disabled",
                "storageAccountSubscriptionId": "00000000-0000-0000-0000-000000000000"
            }
        },
        {
            "type": "Microsoft.Synapse/workspaces/azureADOnlyAuthentications",
            "apiVersion": "2021-06-01",
            "name": "[concat(parameters('workspaces_ds562_team_4_name'), '/default')]",
            "dependsOn": [
                "[resourceId('Microsoft.Synapse/workspaces', parameters('workspaces_ds562_team_4_name'))]"
            ],
            "properties": {
                "azureADOnlyAuthentication": false
            }
        },
        {
            "type": "Microsoft.Synapse/workspaces/bigDataPools",
            "apiVersion": "2021-06-01",
            "name": "[concat(parameters('workspaces_ds562_team_4_name'), '/sparkpool')]",
            "location": "eastus2",
            "dependsOn": [
                "[resourceId('Microsoft.Synapse/workspaces', parameters('workspaces_ds562_team_4_name'))]"
            ],
            "properties": {
                "sparkVersion": "3.4",
                "nodeCount": 10,
                "nodeSize": "Small",
                "nodeSizeFamily": "MemoryOptimized",
                "autoScale": {
                    "enabled": true,
                    "minNodeCount": 3,
                    "maxNodeCount": 10
                },
                "autoPause": {
                    "enabled": true,
                    "delayInMinutes": 15
                },
                "isComputeIsolationEnabled": false,
                "sessionLevelPackagesEnabled": false,
                "cacheSize": 50,
                "dynamicExecutorAllocation": {
                    "enabled": false
                },
                "isAutotuneEnabled": false,
                "provisioningState": "Succeeded"
            }
        },
        {
            "type": "Microsoft.Synapse/workspaces/dedicatedSQLminimalTlsSettings",
            "apiVersion": "2021-06-01",
            "name": "[concat(parameters('workspaces_ds562_team_4_name'), '/default')]",
            "location": "eastus2",
            "dependsOn": [
                "[resourceId('Microsoft.Synapse/workspaces', parameters('workspaces_ds562_team_4_name'))]"
            ],
            "properties": {
                "minimalTlsVersion": "1.2"
            }
        },
        {
            "type": "Microsoft.Synapse/workspaces/extendedAuditingSettings",
            "apiVersion": "2021-06-01",
            "name": "[concat(parameters('workspaces_ds562_team_4_name'), '/Default')]",
            "dependsOn": [
                "[resourceId('Microsoft.Synapse/workspaces', parameters('workspaces_ds562_team_4_name'))]"
            ],
            "properties": {
                "retentionDays": 0,
                "auditActionsAndGroups": [],
                "isStorageSecondaryKeyInUse": false,
                "isAzureMonitorTargetEnabled": false,
                "state": "Disabled",
                "storageAccountSubscriptionId": "00000000-0000-0000-0000-000000000000"
            }
        },
        {
            "type": "Microsoft.Synapse/workspaces/firewallRules",
            "apiVersion": "2021-06-01",
            "name": "[concat(parameters('workspaces_ds562_team_4_name'), '/allowAll')]",
            "dependsOn": [
                "[resourceId('Microsoft.Synapse/workspaces', parameters('workspaces_ds562_team_4_name'))]"
            ],
            "properties": {
                "startIpAddress": "0.0.0.0",
                "endIpAddress": "255.255.255.255"
            }
        },
        {
            "type": "Microsoft.Synapse/workspaces/integrationruntimes",
            "apiVersion": "2021-06-01",
            "name": "[concat(parameters('workspaces_ds562_team_4_name'), '/AutoResolveIntegrationRuntime')]",
            "dependsOn": [
                "[resourceId('Microsoft.Synapse/workspaces', parameters('workspaces_ds562_team_4_name'))]"
            ],
            "properties": {
                "type": "Managed",
                "typeProperties": {
                    "computeProperties": {
                        "location": "AutoResolve"
                    }
                }
            }
        },
        {
            "type": "Microsoft.Synapse/workspaces/securityAlertPolicies",
            "apiVersion": "2021-06-01",
            "name": "[concat(parameters('workspaces_ds562_team_4_name'), '/Default')]",
            "dependsOn": [
                "[resourceId('Microsoft.Synapse/workspaces', parameters('workspaces_ds562_team_4_name'))]"
            ],
            "properties": {
                "state": "Disabled",
                "disabledAlerts": [
                    ""
                ],
                "emailAddresses": [
                    ""
                ],
                "emailAccountAdmins": false,
                "retentionDays": 0
            }
        },
        {
            "type": "Microsoft.Synapse/workspaces/vulnerabilityAssessments",
            "apiVersion": "2021-06-01",
            "name": "[concat(parameters('workspaces_ds562_team_4_name'), '/Default')]",
            "dependsOn": [
                "[resourceId('Microsoft.Synapse/workspaces', parameters('workspaces_ds562_team_4_name'))]"
            ],
            "properties": {
                "recurringScans": {
                    "isEnabled": false,
                    "emailSubscriptionAdmins": true
                },
                "storageContainerPath": "[parameters('vulnerabilityAssessments_Default_storageContainerPath')]"
            }
        },
        {
            "type": "Microsoft.Web/sites",
            "apiVersion": "2024-04-01",
            "name": "[parameters('sites_Team4FA_name')]",
            "location": "East US 2",
            "dependsOn": [
                "[resourceId('Microsoft.Web/serverfarms', parameters('serverfarms_ASP_DS562Team4_9c72_name'))]"
            ],
            "kind": "functionapp,linux",
            "identity": {
                "type": "SystemAssigned"
            },
            "properties": {
                "enabled": true,
                "hostNameSslStates": [
                    {
                        "name": "team4fa.azurewebsites.net",
                        "sslState": "Disabled",
                        "hostType": "Standard"
                    },
                    {
                        "name": "team4fa.scm.azurewebsites.net",
                        "sslState": "Disabled",
                        "hostType": "Repository"
                    }
                ],
                "serverFarmId": "[resourceId('Microsoft.Web/serverfarms', parameters('serverfarms_ASP_DS562Team4_9c72_name'))]",
                "reserved": true,
                "isXenon": false,
                "hyperV": false,
                "dnsConfiguration": {},
                "vnetRouteAllEnabled": false,
                "vnetImagePullEnabled": false,
                "vnetContentShareEnabled": false,
                "siteConfig": {
                    "numberOfWorkers": 1,
                    "linuxFxVersion": "Python|3.11",
                    "acrUseManagedIdentityCreds": false,
                    "alwaysOn": false,
                    "http20Enabled": false,
                    "functionAppScaleLimit": 200,
                    "minimumElasticInstanceCount": 0
                },
                "scmSiteAlsoStopped": false,
                "clientAffinityEnabled": false,
                "clientCertEnabled": false,
                "clientCertMode": "Required",
                "hostNamesDisabled": false,
                "ipMode": "IPv4",
                "vnetBackupRestoreEnabled": false,
                "customDomainVerificationId": "1C4562E98C962A10F2AE4B468852A597309FF451618087AF8CE0943C0858E0E0",
                "containerSize": 1536,
                "dailyMemoryTimeQuota": 0,
                "httpsOnly": true,
                "endToEndEncryptionEnabled": false,
                "redundancyMode": "None",
                "publicNetworkAccess": "Enabled",
                "storageAccountRequired": false,
                "keyVaultReferenceIdentity": "SystemAssigned"
            }
        },
        {
            "type": "Microsoft.Web/sites/basicPublishingCredentialsPolicies",
            "apiVersion": "2024-04-01",
            "name": "[concat(parameters('sites_Team4FA_name'), '/ftp')]",
            "location": "East US 2",
            "dependsOn": [
                "[resourceId('Microsoft.Web/sites', parameters('sites_Team4FA_name'))]"
            ],
            "properties": {
                "allow": false
            }
        },
        {
            "type": "Microsoft.Web/sites/basicPublishingCredentialsPolicies",
            "apiVersion": "2024-04-01",
            "name": "[concat(parameters('sites_Team4FA_name'), '/scm')]",
            "location": "East US 2",
            "dependsOn": [
                "[resourceId('Microsoft.Web/sites', parameters('sites_Team4FA_name'))]"
            ],
            "properties": {
                "allow": false
            }
        },
        {
            "type": "Microsoft.Web/sites/config",
            "apiVersion": "2024-04-01",
            "name": "[concat(parameters('sites_Team4FA_name'), '/web')]",
            "location": "East US 2",
            "dependsOn": [
                "[resourceId('Microsoft.Web/sites', parameters('sites_Team4FA_name'))]"
            ],
            "properties": {
                "numberOfWorkers": 1,
                "defaultDocuments": [
                    "Default.htm",
                    "Default.html",
                    "Default.asp",
                    "index.htm",
                    "index.html",
                    "iisstart.htm",
                    "default.aspx",
                    "index.php"
                ],
                "netFrameworkVersion": "v4.0",
                "linuxFxVersion": "Python|3.11",
                "requestTracingEnabled": false,
                "remoteDebuggingEnabled": false,
                "httpLoggingEnabled": false,
                "acrUseManagedIdentityCreds": false,
                "logsDirectorySizeLimit": 35,
                "detailedErrorLoggingEnabled": false,
                "publishingUsername": "REDACTED",
                "scmType": "None",
                "use32BitWorkerProcess": false,
                "webSocketsEnabled": false,
                "alwaysOn": false,
                "managedPipelineMode": "Integrated",
                "virtualApplications": [
                    {
                        "virtualPath": "/",
                        "physicalPath": "site\\wwwroot",
                        "preloadEnabled": false
                    }
                ],
                "loadBalancing": "LeastRequests",
                "experiments": {
                    "rampUpRules": []
                },
                "autoHealEnabled": false,
                "vnetRouteAllEnabled": false,
                "vnetPrivatePortsCount": 0,
                "publicNetworkAccess": "Enabled",
                "cors": {
                    "allowedOrigins": [
                        "https://portal.azure.com"
                    ],
                    "supportCredentials": false
                },
                "localMySqlEnabled": false,
                "managedServiceIdentityId": 51085,
                "ipSecurityRestrictions": [
                    {
                        "ipAddress": "Any",
                        "action": "Allow",
                        "priority": 2147483647,
                        "name": "Allow all",
                        "description": "Allow all access"
                    }
                ],
                "scmIpSecurityRestrictions": [
                    {
                        "ipAddress": "Any",
                        "action": "Allow",
                        "priority": 2147483647,
                        "name": "Allow all",
                        "description": "Allow all access"
                    }
                ],
                "scmIpSecurityRestrictionsUseMain": false,
                "http20Enabled": false,
                "minTlsVersion": "1.2",
                "scmMinTlsVersion": "1.2",
                "ftpsState": "FtpsOnly",
                "preWarmedInstanceCount": 0,
                "functionAppScaleLimit": 200,
                "functionsRuntimeScaleMonitoringEnabled": false,
                "minimumElasticInstanceCount": 0,
                "azureStorageAccounts": {}
            }
        },
        {
            "type": "Microsoft.Web/sites/hostNameBindings",
            "apiVersion": "2024-04-01",
            "name": "[concat(parameters('sites_Team4FA_name'), '/', parameters('sites_Team4FA_name'), '.azurewebsites.net')]",
            "location": "East US 2",
            "dependsOn": [
                "[resourceId('Microsoft.Web/sites', parameters('sites_Team4FA_name'))]"
            ],
            "properties": {
                "siteName": "Team4FA",
                "hostNameType": "Verified"
            }
        },
        {
            "type": "Microsoft.EventHub/namespaces/eventhubs/authorizationrules",
            "apiVersion": "2024-05-01-preview",
            "name": "[concat(parameters('namespaces_team4namespace_name'), '/air-pollution-stream/cdc-pollution-stream-to-powerbi_air-polluti_policy')]",
            "location": "eastus2",
            "dependsOn": [
                "[resourceId('Microsoft.EventHub/namespaces/eventhubs', parameters('namespaces_team4namespace_name'), 'air-pollution-stream')]",
                "[resourceId('Microsoft.EventHub/namespaces', parameters('namespaces_team4namespace_name'))]"
            ],
            "properties": {
                "rights": [
                    "Listen"
                ]
            }
        },
        {
            "type": "Microsoft.EventHub/namespaces/eventhubs/authorizationrules",
            "apiVersion": "2024-05-01-preview",
            "name": "[concat(parameters('namespaces_team4namespace_name'), '/cdc-hospitalization-stream/cdc-pollution-stream-to-powerbi_cdc-stream_policy')]",
            "location": "eastus2",
            "dependsOn": [
                "[resourceId('Microsoft.EventHub/namespaces/eventhubs', parameters('namespaces_team4namespace_name'), 'cdc-hospitalization-stream')]",
                "[resourceId('Microsoft.EventHub/namespaces', parameters('namespaces_team4namespace_name'))]"
            ],
            "properties": {
                "rights": [
                    "Listen"
                ]
            }
        },
        {
            "type": "Microsoft.EventHub/namespaces/eventhubs/consumergroups",
            "apiVersion": "2024-05-01-preview",
            "name": "[concat(parameters('namespaces_team4namespace_name'), '/air-pollution-stream/$Default')]",
            "location": "eastus2",
            "dependsOn": [
                "[resourceId('Microsoft.EventHub/namespaces/eventhubs', parameters('namespaces_team4namespace_name'), 'air-pollution-stream')]",
                "[resourceId('Microsoft.EventHub/namespaces', parameters('namespaces_team4namespace_name'))]"
            ],
            "properties": {}
        },
        {
            "type": "Microsoft.EventHub/namespaces/eventhubs/consumergroups",
            "apiVersion": "2024-05-01-preview",
            "name": "[concat(parameters('namespaces_team4namespace_name'), '/cdc-hospitalization-stream/$Default')]",
            "location": "eastus2",
            "dependsOn": [
                "[resourceId('Microsoft.EventHub/namespaces/eventhubs', parameters('namespaces_team4namespace_name'), 'cdc-hospitalization-stream')]",
                "[resourceId('Microsoft.EventHub/namespaces', parameters('namespaces_team4namespace_name'))]"
            ],
            "properties": {}
        },
        {
            "type": "Microsoft.EventHub/namespaces/eventhubs/consumergroups",
            "apiVersion": "2024-05-01-preview",
            "name": "[concat(parameters('namespaces_team4namespace_name'), '/pollution-stream/$Default')]",
            "location": "eastus2",
            "dependsOn": [
                "[resourceId('Microsoft.EventHub/namespaces/eventhubs', parameters('namespaces_team4namespace_name'), 'pollution-stream')]",
                "[resourceId('Microsoft.EventHub/namespaces', parameters('namespaces_team4namespace_name'))]"
            ],
            "properties": {}
        },
        {
            "type": "Microsoft.Storage/storageAccounts/blobServices/containers",
            "apiVersion": "2024-01-01",
            "name": "[concat(parameters('storageAccounts_ds562team4b2ba_name'), '/default/azure-webjobs-hosts')]",
            "dependsOn": [
                "[resourceId('Microsoft.Storage/storageAccounts/blobServices', parameters('storageAccounts_ds562team4b2ba_name'), 'default')]",
                "[resourceId('Microsoft.Storage/storageAccounts', parameters('storageAccounts_ds562team4b2ba_name'))]"
            ],
            "properties": {
                "immutableStorageWithVersioning": {
                    "enabled": false
                },
                "defaultEncryptionScope": "$account-encryption-key",
                "denyEncryptionScopeOverride": false,
                "publicAccess": "None"
            }
        },
        {
            "type": "Microsoft.Storage/storageAccounts/blobServices/containers",
            "apiVersion": "2024-01-01",
            "name": "[concat(parameters('storageAccounts_team4storage_name'), '/default/azure-webjobs-hosts')]",
            "dependsOn": [
                "[resourceId('Microsoft.Storage/storageAccounts/blobServices', parameters('storageAccounts_team4storage_name'), 'default')]",
                "[resourceId('Microsoft.Storage/storageAccounts', parameters('storageAccounts_team4storage_name'))]"
            ],
            "properties": {
                "immutableStorageWithVersioning": {
                    "enabled": false
                },
                "defaultEncryptionScope": "$account-encryption-key",
                "denyEncryptionScopeOverride": false,
                "publicAccess": "None"
            }
        },
        {
            "type": "Microsoft.Storage/storageAccounts/blobServices/containers",
            "apiVersion": "2024-01-01",
            "name": "[concat(parameters('storageAccounts_ds562team4b2ba_name'), '/default/azure-webjobs-secrets')]",
            "dependsOn": [
                "[resourceId('Microsoft.Storage/storageAccounts/blobServices', parameters('storageAccounts_ds562team4b2ba_name'), 'default')]",
                "[resourceId('Microsoft.Storage/storageAccounts', parameters('storageAccounts_ds562team4b2ba_name'))]"
            ],
            "properties": {
                "immutableStorageWithVersioning": {
                    "enabled": false
                },
                "defaultEncryptionScope": "$account-encryption-key",
                "denyEncryptionScopeOverride": false,
                "publicAccess": "None"
            }
        },
        {
            "type": "Microsoft.Storage/storageAccounts/blobServices/containers",
            "apiVersion": "2024-01-01",
            "name": "[concat(parameters('storageAccounts_team4storage_name'), '/default/azure-webjobs-secrets')]",
            "dependsOn": [
                "[resourceId('Microsoft.Storage/storageAccounts/blobServices', parameters('storageAccounts_team4storage_name'), 'default')]",
                "[resourceId('Microsoft.Storage/storageAccounts', parameters('storageAccounts_team4storage_name'))]"
            ],
            "properties": {
                "immutableStorageWithVersioning": {
                    "enabled": false
                },
                "defaultEncryptionScope": "$account-encryption-key",
                "denyEncryptionScopeOverride": false,
                "publicAccess": "None"
            }
        },
        {
            "type": "Microsoft.Storage/storageAccounts/blobServices/containers",
            "apiVersion": "2024-01-01",
            "name": "[concat(parameters('storageAccounts_ds562team4b2ba_name'), '/default/scm-releases')]",
            "dependsOn": [
                "[resourceId('Microsoft.Storage/storageAccounts/blobServices', parameters('storageAccounts_ds562team4b2ba_name'), 'default')]",
                "[resourceId('Microsoft.Storage/storageAccounts', parameters('storageAccounts_ds562team4b2ba_name'))]"
            ],
            "properties": {
                "immutableStorageWithVersioning": {
                    "enabled": false
                },
                "defaultEncryptionScope": "$account-encryption-key",
                "denyEncryptionScopeOverride": false,
                "publicAccess": "None"
            }
        },
        {
            "type": "Microsoft.Storage/storageAccounts/blobServices/containers",
            "apiVersion": "2024-01-01",
            "name": "[concat(parameters('storageAccounts_team4storage_name'), '/default/scm-releases')]",
            "dependsOn": [
                "[resourceId('Microsoft.Storage/storageAccounts/blobServices', parameters('storageAccounts_team4storage_name'), 'default')]",
                "[resourceId('Microsoft.Storage/storageAccounts', parameters('storageAccounts_team4storage_name'))]"
            ],
            "properties": {
                "immutableStorageWithVersioning": {
                    "enabled": false
                },
                "defaultEncryptionScope": "$account-encryption-key",
                "denyEncryptionScopeOverride": false,
                "publicAccess": "None"
            }
        },
        {
            "type": "Microsoft.Storage/storageAccounts/blobServices/containers",
            "apiVersion": "2024-01-01",
            "name": "[concat(parameters('storageAccounts_team4storage_name'), '/default/team4container')]",
            "dependsOn": [
                "[resourceId('Microsoft.Storage/storageAccounts/blobServices', parameters('storageAccounts_team4storage_name'), 'default')]",
                "[resourceId('Microsoft.Storage/storageAccounts', parameters('storageAccounts_team4storage_name'))]"
            ],
            "properties": {
                "immutableStorageWithVersioning": {
                    "enabled": false
                },
                "defaultEncryptionScope": "$account-encryption-key",
                "denyEncryptionScopeOverride": false,
                "publicAccess": "None"
            }
        },
        {
            "type": "Microsoft.Storage/storageAccounts/fileServices/shares",
            "apiVersion": "2024-01-01",
            "name": "[concat(parameters('storageAccounts_ds562team4b2ba_name'), '/default/functionapp-team48714')]",
            "dependsOn": [
                "[resourceId('Microsoft.Storage/storageAccounts/fileServices', parameters('storageAccounts_ds562team4b2ba_name'), 'default')]",
                "[resourceId('Microsoft.Storage/storageAccounts', parameters('storageAccounts_ds562team4b2ba_name'))]"
            ],
            "properties": {
                "accessTier": "TransactionOptimized",
                "shareQuota": 102400,
                "enabledProtocols": "SMB"
            }
        },
        {
            "type": "Microsoft.Storage/storageAccounts/fileServices/shares",
            "apiVersion": "2024-01-01",
            "name": "[concat(parameters('storageAccounts_team4storage_name'), '/default/team4faa7cd')]",
            "dependsOn": [
                "[resourceId('Microsoft.Storage/storageAccounts/fileServices', parameters('storageAccounts_team4storage_name'), 'default')]",
                "[resourceId('Microsoft.Storage/storageAccounts', parameters('storageAccounts_team4storage_name'))]"
            ],
            "properties": {
                "accessTier": "TransactionOptimized",
                "shareQuota": 102400,
                "enabledProtocols": "SMB"
            }
        },
        {
            "type": "Microsoft.Storage/storageAccounts/tableServices/tables",
            "apiVersion": "2024-01-01",
            "name": "[concat(parameters('storageAccounts_ds562team4b2ba_name'), '/default/AzureFunctionsDiagnosticEvents202504')]",
            "dependsOn": [
                "[resourceId('Microsoft.Storage/storageAccounts/tableServices', parameters('storageAccounts_ds562team4b2ba_name'), 'default')]",
                "[resourceId('Microsoft.Storage/storageAccounts', parameters('storageAccounts_ds562team4b2ba_name'))]"
            ],
            "properties": {}
        },
        {
            "type": "Microsoft.Storage/storageAccounts/tableServices/tables",
            "apiVersion": "2024-01-01",
            "name": "[concat(parameters('storageAccounts_team4storage_name'), '/default/AzureFunctionsDiagnosticEvents202504')]",
            "dependsOn": [
                "[resourceId('Microsoft.Storage/storageAccounts/tableServices', parameters('storageAccounts_team4storage_name'), 'default')]",
                "[resourceId('Microsoft.Storage/storageAccounts', parameters('storageAccounts_team4storage_name'))]"
            ],
            "properties": {}
        }
    ]
}